timestamp,session_id,description,file_scopes,strict_scoping,prompt_preview
2026-02-24T17:42:19.200000+00:00,0b51bb79-e36,Explore game codebase state,src/main.rs,False,"Thoroughly explore the Vale Village Rust codebase at /home/user/vale-village-rust. I need to understand:  1. What's the current state of the game? What's implemented, what's stubbed out, what's missin"
2026-02-24T17:52:29.455000+00:00,0b51bb79-e36,Complete ability registry data,/home/user/vale-village-rust/src/data/abilities.rs,True,You are working on the Vale Village Rust game. Your ONLY job is to edit the file `/home/user/vale-village-rust/src/data/abilities.rs` to add approximately 40 more abilities to the `build_ability_regis
2026-02-24T17:52:57.523000+00:00,0b51bb79-e36,Wire item usage in battle,/home/user/vale-village-rust/src/battle/systems.rs; systems.rs; types.rs,True,You are working on the Vale Village Rust game. Your ONLY job is to edit `/home/user/vale-village-rust/src/battle/systems.rs` to implement item usage in battle. DO NOT touch any other files.  Currently
2026-02-24T17:53:22.565000+00:00,0b51bb79-e36,Implement shop buy/sell logic,/home/user/vale-village-rust/src/plugins/shop.rs; shop.rs,True,You are working on the Vale Village Rust game. Your ONLY job is to edit `/home/user/vale-village-rust/src/plugins/shop.rs` to implement full buy/sell shop functionality. DO NOT touch any other files. 
2026-02-24T17:53:43.950000+00:00,0b51bb79-e36,Add equip/unequip to inventory,/home/user/vale-village-rust/src/plugins/inventory.rs,True,You are working on the Vale Village Rust game. Your ONLY job is to edit `/home/user/vale-village-rust/src/plugins/inventory.rs` to add equipment management functionality. DO NOT touch any other files.
2026-02-24T17:54:06.120000+00:00,0b51bb79-e36,Add djinn set bonus functions,/home/user/vale-village-rust/src/battle/djinn.rs; djinn.rs,True,"You are working on the Vale Village Rust game. Your ONLY job is to edit `/home/user/vale-village-rust/src/battle/djinn.rs` to add a function that computes aggregate djinn set bonuses for a unit, and i"
2026-02-24T18:15:33.236000+00:00,0b51bb79-e36,Assess battle system gaps,src/battle/systems.rs; src/battle/damage.rs; src/battle/status.rs; src/battle/ai.rs; src/battle/turn_order.rs; src/battle/djinn.rs; src/battle/rewards.rs,False,Research the battle system in this Vale Village Rust game (Bevy 0.15 RPG). I need a thorough gap analysis of what's missing or skeletal.   Check these files and report back what's implemented vs what'
2026-02-24T18:16:53.396000+00:00,0b51bb79-e36,Assess UI and overworld gaps,src/plugins/ui.rs; src/plugins/battle_ui.rs; src/plugins/overworld.rs; src/plugins/shop.rs; src/plugins/inventory.rs; src/plugins/audio.rs; src/plugins/core_plugin.rs; src/main.rs; src/data/enemies.rs; src/data/units.rs,False,"Research the UI, overworld, and plugin systems in this Vale Village Rust game (Bevy 0.15 RPG). I need a thorough gap analysis of what's missing or skeletal for a ""Steam-worthy"" game.  Check these file"
2026-02-24T18:20:45.886000+00:00,0b51bb79-e36,Enhance damage.rs with buffs/crits,src/battle/damage.rs; systems.rs; types.rs,False,You are working on a Bevy 0.15 Rust game called Vale Village. Your job is to enhance the battle damage calculation system in `src/battle/damage.rs`. You must ONLY modify this one file.  ## Current Sta
2026-02-24T18:21:08.679000+00:00,0b51bb79-e36,Enhance AI with djinn/status,src/battle/ai.rs; types.rs; data/abilities.rs,False,You are working on a Bevy 0.15 Rust game called Vale Village. Your job is to enhance the enemy AI in `src/battle/ai.rs`. You must ONLY modify this one file.  ## Current State (191 lines) The AI: - Pic
2026-02-24T18:21:27.452000+00:00,0b51bb79-e36,Add item drops and level abilities,src/battle/rewards.rs; types.rs,False,You are working on a Bevy 0.15 Rust game called Vale Village. Your job is to enhance the battle rewards system in `src/battle/rewards.rs`. You must ONLY modify this one file.  ## Current State (143 li
2026-02-24T18:21:37.555000+00:00,0b51bb79-e36,Add party level persistence,src/plugins/core_plugin.rs; src/battle/systems.rs; systems.rs; /home/user/vale-village-rust/src/plugins/core_plugin.rs,False,You are working on a Bevy 0.15 Rust game called Vale Village. Your job is to add party level/XP persistence so units don't reset to level 1 every battle. You must ONLY modify `src/plugins/core_plugin.
2026-02-24T18:21:53.527000+00:00,0b51bb79-e36,Add tower dungeon system,src/plugins/tower.rs,True,You are working on a Bevy 0.15 Rust game called Vale Village. Your job is to implement the tower dungeon system. You must ONLY create/modify `src/plugins/tower.rs` (NEW FILE).  ## Game Spec Context Fr
2026-02-24T18:30:17.067000+00:00,0b51bb79-e36,Enhance battle UI screens,src/plugins/battle_ui.rs; battle_ui.rs; types.rs,False,You are working on a Bevy 0.15 Rust game called Vale Village. Your job is to enhance the battle UI in `src/plugins/battle_ui.rs`. You must ONLY modify this one file.  ## Current State The battle_ui.rs
2026-02-24T18:30:31.099000+00:00,0b51bb79-e36,Update save system for persistence,src/plugins/save.rs,False,You are working on a Bevy 0.15 Rust game called Vale Village. Your job is to update the save system to handle new Party fields. You must ONLY modify `src/plugins/save.rs`.  ## Current Problem The Part
2026-02-24T18:30:47.618000+00:00,0b51bb79-e36,Add overworld tower entrance,src/plugins/overworld.rs; overworld.rs,False,You are working on a Bevy 0.15 Rust game called Vale Village. Your job is to add a tower dungeon entrance to the overworld map. You must ONLY modify `src/plugins/overworld.rs`.  ## Current State The o
2026-02-24T18:45:55.304000+00:00,0b51bb79-e36,New Game + Continue menu flow,/home/user/vale-village-rust/src/plugins/ui.rs,True,"You are modifying the Vale Village Rust game (Bevy 0.15). Your ONLY file to edit is: `/home/user/vale-village-rust/src/plugins/ui.rs`  TASKS: 1. When ""New Game"" is selected, reset the Party resource t"
2026-02-24T18:46:10.361000+00:00,0b51bb79-e36,Add party recruitment NPCs,/home/user/vale-village-rust/src/plugins/overworld.rs; data/units.rs,True,You are modifying the Vale Village Rust game (Bevy 0.15). Your ONLY file to edit is: `/home/user/vale-village-rust/src/plugins/overworld.rs`  TASK: Add recruitment NPCs to the overworld that can add p
2026-02-24T18:46:19.198000+00:00,0b51bb79-e36,Add game over screen,/home/user/vale-village-rust/src/plugins/battle_ui.rs; overworld.rs,True,You are modifying the Vale Village Rust game (Bevy 0.15). Your ONLY file to edit is: `/home/user/vale-village-rust/src/plugins/battle_ui.rs`  TASK: Enhance the defeat handling to show a proper Game Ov
2026-02-24T18:46:28.698000+00:00,0b51bb79-e36,Add party management UI screen,/home/user/vale-village-rust/src/plugins/inventory.rs,True,You are modifying the Vale Village Rust game (Bevy 0.15). Your ONLY file to edit is: `/home/user/vale-village-rust/src/plugins/inventory.rs`  TASK: Add a party management section to the inventory scre
2026-02-24T18:46:40.364000+00:00,0b51bb79-e36,Add battle system integration tests,/home/user/vale-village-rust/src/battle/systems.rs; systems.rs,True,You are modifying the Vale Village Rust game (Bevy 0.15). Your ONLY file to edit is: `/home/user/vale-village-rust/src/battle/systems.rs`  TASK: Add integration tests at the bottom of systems.rs that 
2026-02-24T18:46:51.009000+00:00,0b51bb79-e36,Enhance overworld encounters/NPCs,/home/user/vale-village-rust/src/data/enemies.rs,True,You are modifying the Vale Village Rust game (Bevy 0.15). Your ONLY file to edit is: `/home/user/vale-village-rust/src/data/enemies.rs`  TASK: Enhance the enemy data with proper encounter grouping and
2026-02-24T19:00:08.746000+00:00,0b51bb79-e36,Tiered overworld encounters,/home/user/vale-village-rust/src/plugins/overworld.rs,True,You are modifying the Vale Village Rust game (Bevy 0.15). Your ONLY file to edit is: `/home/user/vale-village-rust/src/plugins/overworld.rs`  TASK: Replace the random encounter system with tier-based 
2026-02-24T19:00:23.314000+00:00,0b51bb79-e36,Inn healing and NPC dialogs,/home/user/vale-village-rust/src/plugins/overworld.rs; overworld.rs,True,You are modifying the Vale Village Rust game (Bevy 0.15). Your ONLY file to edit is: `/home/user/vale-village-rust/src/plugins/overworld.rs`  WAIT — another agent is editing overworld.rs for tiered en
2026-02-24T19:00:34.140000+00:00,0b51bb79-e36,Tower floor progression loop,/home/user/vale-village-rust/src/plugins/tower.rs; overworld.rs,True,You are modifying the Vale Village Rust game (Bevy 0.15). Your ONLY file to edit is: `/home/user/vale-village-rust/src/plugins/tower.rs`  TASK: Enhance the tower system with floor progression after ba
2026-02-24T19:00:51.643000+00:00,0b51bb79-e36,Battle flee transition fix,/home/user/vale-village-rust/src/battle/systems.rs; src/battle/plugin.rs,True,You are modifying the Vale Village Rust game (Bevy 0.15). Your ONLY file to edit is: `/home/user/vale-village-rust/src/battle/systems.rs`  TASK: Fix the flee action so it properly transitions back to 
2026-02-24T19:01:00.895000+00:00,0b51bb79-e36,Add more data-layer tests,/home/user/vale-village-rust/src/data/enemies.rs; /home/user/vale-village-rust/src/data/units.rs; enemies.rs; units.rs,True,You are modifying the Vale Village Rust game (Bevy 0.15). Your task is to add test coverage to data layer files. You have TWO files to edit: 1. `/home/user/vale-village-rust/src/data/enemies.rs`  2. `
2026-02-24T19:11:47.560000+00:00,0b51bb79-e36,Add battle action log display,/home/user/vale-village-rust/src/plugins/battle_ui.rs,True,You are modifying the Vale Village Rust game (Bevy 0.15). Your ONLY file to edit is: `/home/user/vale-village-rust/src/plugins/battle_ui.rs`  TASK: Add a scrolling battle log that shows action message
2026-02-24T19:11:57.897000+00:00,0b51bb79-e36,Add status effect indicators,/home/user/vale-village-rust/src/plugins/battle_ui.rs; battle_ui.rs; /home/user/vale-village-rust/src/battle/types.rs,True,You are modifying the Vale Village Rust game (Bevy 0.15). Your ONLY file to edit is: `/home/user/vale-village-rust/src/plugins/battle_ui.rs`  WAIT — another agent is editing battle_ui.rs to add a batt
2026-02-24T19:12:07.288000+00:00,0b51bb79-e36,Add shop and inventory tests,/home/user/vale-village-rust/src/plugins/shop.rs; /home/user/vale-village-rust/src/data/items.rs; items.rs; shop.rs,True,You are modifying the Vale Village Rust game (Bevy 0.15). You have TWO files to edit: 1. `/home/user/vale-village-rust/src/plugins/shop.rs` 2. `/home/user/vale-village-rust/src/data/items.rs`  TASK: A
2026-02-24T19:12:18.327000+00:00,0b51bb79-e36,Encounter zone visual variety,/home/user/vale-village-rust/src/plugins/overworld.rs,True,You are modifying the Vale Village Rust game (Bevy 0.15). Your ONLY file to edit is: `/home/user/vale-village-rust/src/plugins/overworld.rs`  TASK: Add visual variety to encounter zones and improve th
2026-02-24T19:29:05.925000+00:00,0b51bb79-e36,Wire djinn selection in battle,/home/user/vale-village-rust/src/plugins/battle_ui.rs; systems.rs,True,You are modifying the Vale Village Rust game (Bevy 0.15). Your ONLY file to edit is: `/home/user/vale-village-rust/src/plugins/battle_ui.rs`  TASK: Update the battle UI to properly display the Djinn a
2026-02-24T19:29:16.378000+00:00,0b51bb79-e36,Add story flag quest system,/home/user/vale-village-rust/src/plugins/core_plugin.rs; /home/user/vale-village-rust/src/plugins/save.rs; core_plugin.rs; save.rs,True,You are modifying the Vale Village Rust game (Bevy 0.15). You have TWO files to edit: 1. `/home/user/vale-village-rust/src/plugins/core_plugin.rs` 2. `/home/user/vale-village-rust/src/plugins/save.rs`
2026-02-24T19:29:28.003000+00:00,0b51bb79-e36,Add ability descriptions display,/home/user/vale-village-rust/src/data/abilities.rs,True,You are modifying the Vale Village Rust game (Bevy 0.15). Your ONLY file to edit is: `/home/user/vale-village-rust/src/data/abilities.rs`  TASK: Ensure all abilities have meaningful descriptions and a
2026-02-24T19:49:28.878000+00:00,0b51bb79-e36,Assess remaining game gaps,,False,"Research the vale-village-rust codebase and the GAME_SPEC.md to identify remaining gaps that need to be addressed for a ""Steam-worthy"" game. Focus on:  1. Missing gameplay features from the spec 2. Mi"
2026-02-24T19:58:43.907000+00:00,0b51bb79-e36,Add auto-save system,src/plugins/save.rs,True,You are working on the Vale Village Rust game (Bevy 0.15 RPG). Your task is to add an auto-save system.  IMPORTANT: Only modify src/plugins/save.rs. Do NOT modify any other file.  Current state: The s
2026-02-24T19:58:53.296000+00:00,0b51bb79-e36,Enhance summon with definitions,src/battle/systems.rs; src/battle/djinn.rs; src/data/djinn.rs,True,You are working on the Vale Village Rust game (Bevy 0.15 RPG). Your task is to enhance the djinn summon resolution in the battle system to use actual djinn definitions.  IMPORTANT: Only modify src/bat
2026-02-24T19:59:00.185000+00:00,0b51bb79-e36,Assign abilities to enemies,src/data/enemies.rs; src/data/abilities.rs,True,You are working on the Vale Village Rust game (Bevy 0.15 RPG). Your task is to ensure all enemies have meaningful ability assignments.  IMPORTANT: Only modify src/data/enemies.rs. Do NOT modify any ot
2026-02-24T19:59:08.473000+00:00,0b51bb79-e36,Add battle integration tests,src/battle/systems.rs; src/battle/djinn.rs; src/battle/status.rs; src/battle/turn_order.rs; src/battle/ai.rs,False,You are working on the Vale Village Rust game (Bevy 0.15 RPG). Your task is to add comprehensive integration tests for the battle system's pure logic functions.  IMPORTANT: Only modify src/battle/syst
2026-02-24T19:59:15.133000+00:00,0b51bb79-e36,Polish victory and defeat screens,src/plugins/battle_ui.rs,True,You are working on the Vale Village Rust game (Bevy 0.15 RPG). Your task is to polish the victory and defeat screens in the battle UI.  IMPORTANT: Only modify src/plugins/battle_ui.rs. Do NOT modify a
2026-02-24T20:01:45.114000+00:00,0b51bb79-e36,Add auto-save tower transitions,src/plugins/tower.rs; src/plugins/save.rs; tower.rs,False,You are working on the Vale Village Rust game (Bevy 0.15). Your task is to add auto-save functionality on tower floor transitions.  SCOPE: Only modify `src/plugins/tower.rs` and `src/plugins/save.rs` 
2026-02-24T20:01:55.008000+00:00,0b51bb79-e36,Enhanced battle log messages,src/plugins/battle_ui.rs; battle_ui.rs; src/battle/types.rs,False,You are working on the Vale Village Rust game (Bevy 0.15). Your task is to enhance the battle action log so every action type generates a descriptive message.  SCOPE: Only modify `src/plugins/battle_u
2026-02-24T20:02:03.847000+00:00,0b51bb79-e36,Wire enhanced djinn summons,src/battle/systems.rs; systems.rs; src/battle/djinn.rs,False,You are working on the Vale Village Rust game (Bevy 0.15). Your task is to upgrade the battle summon resolution to use the enhanced djinn summon system.  SCOPE: Only modify `src/battle/systems.rs`.  C
2026-02-24T20:02:09.794000+00:00,0b51bb79-e36,Add comprehensive djinn tests,src/battle/djinn.rs,False,You are working on the Vale Village Rust game (Bevy 0.15). Your task is to add comprehensive tests to `src/battle/djinn.rs`.  SCOPE: Only modify `src/battle/djinn.rs`.  REQUIREMENTS: 1. Read the entir
2026-02-24T20:03:07.040000+00:00,0b51bb79-e36,Add overworld auto-save and NPC elder,src/plugins/overworld.rs,False,"You are working on the Vale Village Rust game (Bevy 0.15). Your task is to add an Elder NPC to the overworld who gives quest guidance based on story flags, and wire the TALKED_TO_ELDER flag.  SCOPE: O"
2026-02-24T20:08:11.238000+00:00,0b51bb79-e36,Check assessment agent result,,False,Resume this agent to get its final result.
2026-02-24T20:23:36.982000+00:00,0b51bb79-e36,Add sprite loading pipeline,src/plugins/sprites.rs; src/main.rs; src/plugins/mod.rs; main.rs; battle_ui.rs; overworld.rs,False,You are working on the Vale Village Rust game (Bevy 0.15). Your task is to add a sprite loading system that replaces colored rectangles with actual sprite images.  SCOPE: Create a new file `src/plugin
2026-02-24T20:23:47.440000+00:00,0b51bb79-e36,Add bestiary tracking system,src/plugins/core_plugin.rs; src/plugins/save.rs; core_plugin.rs; save.rs; src/data/enemies.rs,False,You are working on the Vale Village Rust game (Bevy 0.15). Your task is to add a bestiary/monster compendium system that tracks enemies the player has encountered.  SCOPE: Only modify `src/plugins/cor
2026-02-24T20:23:57.690000+00:00,0b51bb79-e36,Add fullscreen and display settings,src/plugins/ui.rs; ui.rs,False,You are working on the Vale Village Rust game (Bevy 0.15). Your task is to add fullscreen toggle and display settings to the settings screen.  SCOPE: Only modify `src/plugins/ui.rs`.  CONTEXT: - The s
2026-02-24T20:24:06.039000+00:00,0b51bb79-e36,Add difficulty system,src/plugins/core_plugin.rs; core_plugin.rs; data/enemies.rs,False,You are working on the Vale Village Rust game (Bevy 0.15). Your task is to add a difficulty system that affects enemy stats and rewards.  SCOPE: Only modify `src/plugins/core_plugin.rs`.  CONTEXT: - C
2026-02-24T20:24:16.325000+00:00,0b51bb79-e36,Wire bestiary into battle events,src/battle/systems.rs; core_plugin.rs; systems.rs,False,You are working on the Vale Village Rust game (Bevy 0.15). Your task is to wire bestiary encounter/defeat tracking into the battle system.  SCOPE: Only modify `src/battle/systems.rs`.  CONTEXT: - Ther
2026-02-24T20:31:39.104000+00:00,0b51bb79-e36,Wire sprites into battle rendering,src/plugins/battle_ui.rs; src/plugins/sprites.rs; battle_ui.rs,False,You are working on the Vale Village Rust game (Bevy 0.15). Your task is to wire the sprite loading system into battle unit rendering so enemies and party members show actual sprites instead of colored
2026-02-24T20:31:47.641000+00:00,0b51bb79-e36,Wire difficulty into battle damage,src/battle/systems.rs; core_plugin.rs,False,You are working on the Vale Village Rust game (Bevy 0.15). Your task is to wire the DifficultySettings into the battle system so enemy stats and rewards scale by difficulty.  SCOPE: Only modify `src/b
2026-02-24T20:31:57.139000+00:00,0b51bb79-e36,Add save/load slot selection UI,src/plugins/ui.rs; ui.rs,False,You are working on the Vale Village Rust game (Bevy 0.15). Your task is to enhance the pause menu's Save/Load options to show a slot selection UI with 3 save slots.  SCOPE: Only modify `src/plugins/ui
2026-02-24T20:32:09.409000+00:00,0b51bb79-e36,Add battle log event system,src/plugins/battle_ui.rs; battle_ui.rs; types.rs,False,You are working on the Vale Village Rust game (Bevy 0.15). Your task is to add a system that populates the battle log with descriptive messages from battle events.  SCOPE: Only modify `src/plugins/bat
2026-02-24T20:42:50.979000+00:00,0b51bb79-e36,Add achievement milestone system,src/plugins/core_plugin.rs,False,You are working on the Vale Village Rust game (Bevy 0.15). Your task is to add an achievement/milestone tracking system.  SCOPE: Only modify `src/plugins/core_plugin.rs`.  CONTEXT: - Party has `story_
2026-02-24T20:42:59.368000+00:00,0b51bb79-e36,Add difficulty selection to new game,src/plugins/ui.rs,False,You are working on the Vale Village Rust game (Bevy 0.15). Your task is to add difficulty selection to the New Game flow on the main menu.  SCOPE: Only modify `src/plugins/ui.rs`.  CONTEXT: - The main
2026-02-24T20:43:10.660000+00:00,0b51bb79-e36,Add save system round-trip tests,src/plugins/save.rs; save.rs,False,You are working on the Vale Village Rust game (Bevy 0.15). Your task is to add comprehensive round-trip tests for the save/load system.  SCOPE: Only modify `src/plugins/save.rs`.  CONTEXT: - SaveSyste
2026-02-24T20:43:23.049000+00:00,0b51bb79-e36,Expand NPC dialog and quest content,src/plugins/overworld.rs,False,You are working on the Vale Village Rust game (Bevy 0.15). Your task is to expand NPC dialog content for richer storytelling.  SCOPE: Only modify `src/plugins/overworld.rs`.  CONTEXT: - NPCs are spawn
2026-02-24T20:50:23.689000+00:00,0b51bb79-e36,Wire achievement unlocks into gameplay,src/battle/systems.rs,False,You are working on the Vale Village Rust game (Bevy 0.15). Your task is to wire achievement unlock checks into actual game systems so achievements unlock automatically during gameplay.  SCOPE: Only mo
2026-02-24T20:50:32.835000+00:00,0b51bb79-e36,Wire sprites into overworld rendering,src/plugins/overworld.rs; sprites.rs,False,You are working on the Vale Village Rust game (Bevy 0.15). Your task is to wire sprite images into the overworld so the player and NPCs display actual sprites instead of colored rectangles.  SCOPE: On
2026-02-24T20:50:42.671000+00:00,0b51bb79-e36,Add state transition integration tests,src/plugins/core_plugin.rs,False,You are working on the Vale Village Rust game (Bevy 0.15). Your task is to add integration tests for key game state transitions and data flow.  SCOPE: Only modify `src/plugins/core_plugin.rs` (add tes
2026-02-24T21:00:49.289000+00:00,0b51bb79-e36,Assess remaining game gaps,plugins/audio.rs; data/enemies.rs,False,"Research the Vale Village Rust codebase to identify the top remaining gaps for ""Steam-worthy"" quality. The game is a Golden Sun-inspired RPG built with Bevy 0.15.  Already implemented across Waves 1-1"
2026-02-24T21:00:49.289000+00:00,60368f05-bef,Assess remaining game gaps,plugins/audio.rs; data/enemies.rs,False,"Research the Vale Village Rust codebase to identify the top remaining gaps for ""Steam-worthy"" quality. The game is a Golden Sun-inspired RPG built with Bevy 0.15.  Already implemented across Waves 1-1"
2026-02-24T21:00:49.289000+00:00,a7ec5829-97e,Assess remaining game gaps,plugins/audio.rs; data/enemies.rs,False,"Research the Vale Village Rust codebase to identify the top remaining gaps for ""Steam-worthy"" quality. The game is a Golden Sun-inspired RPG built with Bevy 0.15.  Already implemented across Waves 1-1"
2026-02-24T21:00:49.289000+00:00,0319daa4-4b0,Assess remaining game gaps,plugins/audio.rs; data/enemies.rs,False,"Research the Vale Village Rust codebase to identify the top remaining gaps for ""Steam-worthy"" quality. The game is a Golden Sun-inspired RPG built with Bevy 0.15.  Already implemented across Waves 1-1"
2026-02-24T21:00:49.289000+00:00,5b1f4204-f18,Assess remaining game gaps,plugins/audio.rs; data/enemies.rs,False,"Research the Vale Village Rust codebase to identify the top remaining gaps for ""Steam-worthy"" quality. The game is a Golden Sun-inspired RPG built with Bevy 0.15.  Already implemented across Waves 1-1"
2026-02-24T21:00:49.289000+00:00,79566506-aa5,Assess remaining game gaps,plugins/audio.rs; data/enemies.rs,False,"Research the Vale Village Rust codebase to identify the top remaining gaps for ""Steam-worthy"" quality. The game is a Golden Sun-inspired RPG built with Bevy 0.15.  Already implemented across Waves 1-1"
2026-02-24T21:00:49.289000+00:00,89b6906a-0b5,Assess remaining game gaps,plugins/audio.rs; data/enemies.rs,False,"Research the Vale Village Rust codebase to identify the top remaining gaps for ""Steam-worthy"" quality. The game is a Golden Sun-inspired RPG built with Bevy 0.15.  Already implemented across Waves 1-1"
2026-02-24T21:00:49.289000+00:00,9335da76-3e3,Assess remaining game gaps,plugins/audio.rs; data/enemies.rs,False,"Research the Vale Village Rust codebase to identify the top remaining gaps for ""Steam-worthy"" quality. The game is a Golden Sun-inspired RPG built with Bevy 0.15.  Already implemented across Waves 1-1"
2026-02-24T21:00:49.289000+00:00,a0d026c8-14d,Assess remaining game gaps,plugins/audio.rs; data/enemies.rs,False,"Research the Vale Village Rust codebase to identify the top remaining gaps for ""Steam-worthy"" quality. The game is a Golden Sun-inspired RPG built with Bevy 0.15.  Already implemented across Waves 1-1"
2026-02-24T21:00:49.289000+00:00,dd821366-2d3,Assess remaining game gaps,plugins/audio.rs; data/enemies.rs,False,"Research the Vale Village Rust codebase to identify the top remaining gaps for ""Steam-worthy"" quality. The game is a Golden Sun-inspired RPG built with Bevy 0.15.  Already implemented across Waves 1-1"
2026-02-24T21:00:49.289000+00:00,7814081a-062,Assess remaining game gaps,plugins/audio.rs; data/enemies.rs,False,"Research the Vale Village Rust codebase to identify the top remaining gaps for ""Steam-worthy"" quality. The game is a Golden Sun-inspired RPG built with Bevy 0.15.  Already implemented across Waves 1-1"
2026-02-24T21:03:45.815000+00:00,0b51bb79-e36,Add battle background rendering,src/plugins/battle_ui.rs,False,You are modifying the file `src/plugins/battle_ui.rs` in a Bevy 0.15 RPG game called Vale Village.  TASK: Add battle background rendering using the game's existing background GIF assets.  The game has
2026-02-24T21:03:45.815000+00:00,60368f05-bef,Add battle background rendering,src/plugins/battle_ui.rs,False,You are modifying the file `src/plugins/battle_ui.rs` in a Bevy 0.15 RPG game called Vale Village.  TASK: Add battle background rendering using the game's existing background GIF assets.  The game has
2026-02-24T21:03:45.815000+00:00,a7ec5829-97e,Add battle background rendering,src/plugins/battle_ui.rs,False,You are modifying the file `src/plugins/battle_ui.rs` in a Bevy 0.15 RPG game called Vale Village.  TASK: Add battle background rendering using the game's existing background GIF assets.  The game has
2026-02-24T21:03:45.815000+00:00,0319daa4-4b0,Add battle background rendering,src/plugins/battle_ui.rs,False,You are modifying the file `src/plugins/battle_ui.rs` in a Bevy 0.15 RPG game called Vale Village.  TASK: Add battle background rendering using the game's existing background GIF assets.  The game has
2026-02-24T21:03:45.815000+00:00,5b1f4204-f18,Add battle background rendering,src/plugins/battle_ui.rs,False,You are modifying the file `src/plugins/battle_ui.rs` in a Bevy 0.15 RPG game called Vale Village.  TASK: Add battle background rendering using the game's existing background GIF assets.  The game has
2026-02-24T21:03:45.815000+00:00,79566506-aa5,Add battle background rendering,src/plugins/battle_ui.rs,False,You are modifying the file `src/plugins/battle_ui.rs` in a Bevy 0.15 RPG game called Vale Village.  TASK: Add battle background rendering using the game's existing background GIF assets.  The game has
2026-02-24T21:03:45.815000+00:00,89b6906a-0b5,Add battle background rendering,src/plugins/battle_ui.rs,False,You are modifying the file `src/plugins/battle_ui.rs` in a Bevy 0.15 RPG game called Vale Village.  TASK: Add battle background rendering using the game's existing background GIF assets.  The game has
2026-02-24T21:03:45.815000+00:00,9335da76-3e3,Add battle background rendering,src/plugins/battle_ui.rs,False,You are modifying the file `src/plugins/battle_ui.rs` in a Bevy 0.15 RPG game called Vale Village.  TASK: Add battle background rendering using the game's existing background GIF assets.  The game has
2026-02-24T21:03:45.815000+00:00,a0d026c8-14d,Add battle background rendering,src/plugins/battle_ui.rs,False,You are modifying the file `src/plugins/battle_ui.rs` in a Bevy 0.15 RPG game called Vale Village.  TASK: Add battle background rendering using the game's existing background GIF assets.  The game has
2026-02-24T21:03:45.815000+00:00,dd821366-2d3,Add battle background rendering,src/plugins/battle_ui.rs,False,You are modifying the file `src/plugins/battle_ui.rs` in a Bevy 0.15 RPG game called Vale Village.  TASK: Add battle background rendering using the game's existing background GIF assets.  The game has
2026-02-24T21:03:45.815000+00:00,7814081a-062,Add battle background rendering,src/plugins/battle_ui.rs,False,You are modifying the file `src/plugins/battle_ui.rs` in a Bevy 0.15 RPG game called Vale Village.  TASK: Add battle background rendering using the game's existing background GIF assets.  The game has
2026-02-24T21:03:56.702000+00:00,0b51bb79-e36,Add overworld zone transitions,src/plugins/overworld.rs,False,"You are modifying the file `src/plugins/overworld.rs` in a Bevy 0.15 RPG game called Vale Village.  TASK: Add multiple overworld zones with transition points, so the world feels larger and more explor"
2026-02-24T21:03:56.702000+00:00,60368f05-bef,Add overworld zone transitions,src/plugins/overworld.rs,False,"You are modifying the file `src/plugins/overworld.rs` in a Bevy 0.15 RPG game called Vale Village.  TASK: Add multiple overworld zones with transition points, so the world feels larger and more explor"
2026-02-24T21:03:56.702000+00:00,a7ec5829-97e,Add overworld zone transitions,src/plugins/overworld.rs,False,"You are modifying the file `src/plugins/overworld.rs` in a Bevy 0.15 RPG game called Vale Village.  TASK: Add multiple overworld zones with transition points, so the world feels larger and more explor"
2026-02-24T21:03:56.702000+00:00,0319daa4-4b0,Add overworld zone transitions,src/plugins/overworld.rs,False,"You are modifying the file `src/plugins/overworld.rs` in a Bevy 0.15 RPG game called Vale Village.  TASK: Add multiple overworld zones with transition points, so the world feels larger and more explor"
2026-02-24T21:03:56.702000+00:00,5b1f4204-f18,Add overworld zone transitions,src/plugins/overworld.rs,False,"You are modifying the file `src/plugins/overworld.rs` in a Bevy 0.15 RPG game called Vale Village.  TASK: Add multiple overworld zones with transition points, so the world feels larger and more explor"
2026-02-24T21:03:56.702000+00:00,79566506-aa5,Add overworld zone transitions,src/plugins/overworld.rs,False,"You are modifying the file `src/plugins/overworld.rs` in a Bevy 0.15 RPG game called Vale Village.  TASK: Add multiple overworld zones with transition points, so the world feels larger and more explor"
2026-02-24T21:03:56.702000+00:00,89b6906a-0b5,Add overworld zone transitions,src/plugins/overworld.rs,False,"You are modifying the file `src/plugins/overworld.rs` in a Bevy 0.15 RPG game called Vale Village.  TASK: Add multiple overworld zones with transition points, so the world feels larger and more explor"
2026-02-24T21:03:56.702000+00:00,9335da76-3e3,Add overworld zone transitions,src/plugins/overworld.rs,False,"You are modifying the file `src/plugins/overworld.rs` in a Bevy 0.15 RPG game called Vale Village.  TASK: Add multiple overworld zones with transition points, so the world feels larger and more explor"
2026-02-24T21:03:56.702000+00:00,a0d026c8-14d,Add overworld zone transitions,src/plugins/overworld.rs,False,"You are modifying the file `src/plugins/overworld.rs` in a Bevy 0.15 RPG game called Vale Village.  TASK: Add multiple overworld zones with transition points, so the world feels larger and more explor"
2026-02-24T21:03:56.702000+00:00,dd821366-2d3,Add overworld zone transitions,src/plugins/overworld.rs,False,"You are modifying the file `src/plugins/overworld.rs` in a Bevy 0.15 RPG game called Vale Village.  TASK: Add multiple overworld zones with transition points, so the world feels larger and more explor"
2026-02-24T21:03:56.702000+00:00,7814081a-062,Add overworld zone transitions,src/plugins/overworld.rs,False,"You are modifying the file `src/plugins/overworld.rs` in a Bevy 0.15 RPG game called Vale Village.  TASK: Add multiple overworld zones with transition points, so the world feels larger and more explor"
2026-02-24T21:04:04.966000+00:00,0b51bb79-e36,Add weather visual effects system,src/plugins/core_plugin.rs; src/components/stats.rs,False,You are modifying the file `src/plugins/core_plugin.rs` in a Bevy 0.15 RPG game called Vale Village.  TASK: Add a weather/atmosphere system that provides visual variety to the overworld and battles.  
2026-02-24T21:04:04.966000+00:00,60368f05-bef,Add weather visual effects system,src/plugins/core_plugin.rs; src/components/stats.rs,False,You are modifying the file `src/plugins/core_plugin.rs` in a Bevy 0.15 RPG game called Vale Village.  TASK: Add a weather/atmosphere system that provides visual variety to the overworld and battles.  
2026-02-24T21:04:04.966000+00:00,a7ec5829-97e,Add weather visual effects system,src/plugins/core_plugin.rs; src/components/stats.rs,False,You are modifying the file `src/plugins/core_plugin.rs` in a Bevy 0.15 RPG game called Vale Village.  TASK: Add a weather/atmosphere system that provides visual variety to the overworld and battles.  
2026-02-24T21:04:04.966000+00:00,0319daa4-4b0,Add weather visual effects system,src/plugins/core_plugin.rs; src/components/stats.rs,False,You are modifying the file `src/plugins/core_plugin.rs` in a Bevy 0.15 RPG game called Vale Village.  TASK: Add a weather/atmosphere system that provides visual variety to the overworld and battles.  
2026-02-24T21:04:04.966000+00:00,5b1f4204-f18,Add weather visual effects system,src/plugins/core_plugin.rs; src/components/stats.rs,False,You are modifying the file `src/plugins/core_plugin.rs` in a Bevy 0.15 RPG game called Vale Village.  TASK: Add a weather/atmosphere system that provides visual variety to the overworld and battles.  
2026-02-24T21:04:04.966000+00:00,79566506-aa5,Add weather visual effects system,src/plugins/core_plugin.rs; src/components/stats.rs,False,You are modifying the file `src/plugins/core_plugin.rs` in a Bevy 0.15 RPG game called Vale Village.  TASK: Add a weather/atmosphere system that provides visual variety to the overworld and battles.  
2026-02-24T21:04:04.966000+00:00,89b6906a-0b5,Add weather visual effects system,src/plugins/core_plugin.rs; src/components/stats.rs,False,You are modifying the file `src/plugins/core_plugin.rs` in a Bevy 0.15 RPG game called Vale Village.  TASK: Add a weather/atmosphere system that provides visual variety to the overworld and battles.  
2026-02-24T21:04:04.966000+00:00,9335da76-3e3,Add weather visual effects system,src/plugins/core_plugin.rs; src/components/stats.rs,False,You are modifying the file `src/plugins/core_plugin.rs` in a Bevy 0.15 RPG game called Vale Village.  TASK: Add a weather/atmosphere system that provides visual variety to the overworld and battles.  
2026-02-24T21:04:04.966000+00:00,a0d026c8-14d,Add weather visual effects system,src/plugins/core_plugin.rs; src/components/stats.rs,False,You are modifying the file `src/plugins/core_plugin.rs` in a Bevy 0.15 RPG game called Vale Village.  TASK: Add a weather/atmosphere system that provides visual variety to the overworld and battles.  
2026-02-24T21:04:04.966000+00:00,dd821366-2d3,Add weather visual effects system,src/plugins/core_plugin.rs; src/components/stats.rs,False,You are modifying the file `src/plugins/core_plugin.rs` in a Bevy 0.15 RPG game called Vale Village.  TASK: Add a weather/atmosphere system that provides visual variety to the overworld and battles.  
2026-02-24T21:04:04.966000+00:00,7814081a-062,Add weather visual effects system,src/plugins/core_plugin.rs; src/components/stats.rs,False,You are modifying the file `src/plugins/core_plugin.rs` in a Bevy 0.15 RPG game called Vale Village.  TASK: Add a weather/atmosphere system that provides visual variety to the overworld and battles.  
2026-02-24T21:04:15.413000+00:00,0b51bb79-e36,Add tutorial onboarding system,src/plugins/ui.rs,False,You are modifying the file `src/plugins/ui.rs` in a Bevy 0.15 RPG game called Vale Village.  TASK: Add a tutorial/onboarding system that guides new players through the game basics.  WHAT TO DO: 1. Add
2026-02-24T21:04:15.413000+00:00,60368f05-bef,Add tutorial onboarding system,src/plugins/ui.rs,False,You are modifying the file `src/plugins/ui.rs` in a Bevy 0.15 RPG game called Vale Village.  TASK: Add a tutorial/onboarding system that guides new players through the game basics.  WHAT TO DO: 1. Add
2026-02-24T21:04:15.413000+00:00,a7ec5829-97e,Add tutorial onboarding system,src/plugins/ui.rs,False,You are modifying the file `src/plugins/ui.rs` in a Bevy 0.15 RPG game called Vale Village.  TASK: Add a tutorial/onboarding system that guides new players through the game basics.  WHAT TO DO: 1. Add
2026-02-24T21:04:15.413000+00:00,0319daa4-4b0,Add tutorial onboarding system,src/plugins/ui.rs,False,You are modifying the file `src/plugins/ui.rs` in a Bevy 0.15 RPG game called Vale Village.  TASK: Add a tutorial/onboarding system that guides new players through the game basics.  WHAT TO DO: 1. Add
2026-02-24T21:04:15.413000+00:00,5b1f4204-f18,Add tutorial onboarding system,src/plugins/ui.rs,False,You are modifying the file `src/plugins/ui.rs` in a Bevy 0.15 RPG game called Vale Village.  TASK: Add a tutorial/onboarding system that guides new players through the game basics.  WHAT TO DO: 1. Add
2026-02-24T21:04:15.413000+00:00,79566506-aa5,Add tutorial onboarding system,src/plugins/ui.rs,False,You are modifying the file `src/plugins/ui.rs` in a Bevy 0.15 RPG game called Vale Village.  TASK: Add a tutorial/onboarding system that guides new players through the game basics.  WHAT TO DO: 1. Add
2026-02-24T21:04:15.413000+00:00,89b6906a-0b5,Add tutorial onboarding system,src/plugins/ui.rs,False,You are modifying the file `src/plugins/ui.rs` in a Bevy 0.15 RPG game called Vale Village.  TASK: Add a tutorial/onboarding system that guides new players through the game basics.  WHAT TO DO: 1. Add
2026-02-24T21:04:15.413000+00:00,9335da76-3e3,Add tutorial onboarding system,src/plugins/ui.rs,False,You are modifying the file `src/plugins/ui.rs` in a Bevy 0.15 RPG game called Vale Village.  TASK: Add a tutorial/onboarding system that guides new players through the game basics.  WHAT TO DO: 1. Add
2026-02-24T21:04:15.413000+00:00,a0d026c8-14d,Add tutorial onboarding system,src/plugins/ui.rs,False,You are modifying the file `src/plugins/ui.rs` in a Bevy 0.15 RPG game called Vale Village.  TASK: Add a tutorial/onboarding system that guides new players through the game basics.  WHAT TO DO: 1. Add
2026-02-24T21:04:15.413000+00:00,dd821366-2d3,Add tutorial onboarding system,src/plugins/ui.rs,False,You are modifying the file `src/plugins/ui.rs` in a Bevy 0.15 RPG game called Vale Village.  TASK: Add a tutorial/onboarding system that guides new players through the game basics.  WHAT TO DO: 1. Add
2026-02-24T21:04:15.413000+00:00,7814081a-062,Add tutorial onboarding system,src/plugins/ui.rs,False,You are modifying the file `src/plugins/ui.rs` in a Bevy 0.15 RPG game called Vale Village.  TASK: Add a tutorial/onboarding system that guides new players through the game basics.  WHAT TO DO: 1. Add
2026-02-24T21:04:27.914000+00:00,0b51bb79-e36,Add more enemy variety and balance,src/data/enemies.rs,False,You are modifying the file `src/data/enemies.rs` in a Bevy 0.15 RPG game called Vale Village.  TASK: Expand enemy variety and ensure proper balance across difficulty tiers.  Currently the game has ~50
2026-02-24T21:04:27.914000+00:00,60368f05-bef,Add more enemy variety and balance,src/data/enemies.rs,False,You are modifying the file `src/data/enemies.rs` in a Bevy 0.15 RPG game called Vale Village.  TASK: Expand enemy variety and ensure proper balance across difficulty tiers.  Currently the game has ~50
2026-02-24T21:04:27.914000+00:00,a7ec5829-97e,Add more enemy variety and balance,src/data/enemies.rs,False,You are modifying the file `src/data/enemies.rs` in a Bevy 0.15 RPG game called Vale Village.  TASK: Expand enemy variety and ensure proper balance across difficulty tiers.  Currently the game has ~50
2026-02-24T21:04:27.914000+00:00,0319daa4-4b0,Add more enemy variety and balance,src/data/enemies.rs,False,You are modifying the file `src/data/enemies.rs` in a Bevy 0.15 RPG game called Vale Village.  TASK: Expand enemy variety and ensure proper balance across difficulty tiers.  Currently the game has ~50
2026-02-24T21:04:27.914000+00:00,5b1f4204-f18,Add more enemy variety and balance,src/data/enemies.rs,False,You are modifying the file `src/data/enemies.rs` in a Bevy 0.15 RPG game called Vale Village.  TASK: Expand enemy variety and ensure proper balance across difficulty tiers.  Currently the game has ~50
2026-02-24T21:04:27.914000+00:00,79566506-aa5,Add more enemy variety and balance,src/data/enemies.rs,False,You are modifying the file `src/data/enemies.rs` in a Bevy 0.15 RPG game called Vale Village.  TASK: Expand enemy variety and ensure proper balance across difficulty tiers.  Currently the game has ~50
2026-02-24T21:04:27.914000+00:00,89b6906a-0b5,Add more enemy variety and balance,src/data/enemies.rs,False,You are modifying the file `src/data/enemies.rs` in a Bevy 0.15 RPG game called Vale Village.  TASK: Expand enemy variety and ensure proper balance across difficulty tiers.  Currently the game has ~50
2026-02-24T21:04:27.914000+00:00,9335da76-3e3,Add more enemy variety and balance,src/data/enemies.rs,False,You are modifying the file `src/data/enemies.rs` in a Bevy 0.15 RPG game called Vale Village.  TASK: Expand enemy variety and ensure proper balance across difficulty tiers.  Currently the game has ~50
2026-02-24T21:04:27.914000+00:00,a0d026c8-14d,Add more enemy variety and balance,src/data/enemies.rs,False,You are modifying the file `src/data/enemies.rs` in a Bevy 0.15 RPG game called Vale Village.  TASK: Expand enemy variety and ensure proper balance across difficulty tiers.  Currently the game has ~50
2026-02-24T21:04:27.914000+00:00,dd821366-2d3,Add more enemy variety and balance,src/data/enemies.rs,False,You are modifying the file `src/data/enemies.rs` in a Bevy 0.15 RPG game called Vale Village.  TASK: Expand enemy variety and ensure proper balance across difficulty tiers.  Currently the game has ~50
2026-02-24T21:04:27.914000+00:00,7814081a-062,Add more enemy variety and balance,src/data/enemies.rs,False,You are modifying the file `src/data/enemies.rs` in a Bevy 0.15 RPG game called Vale Village.  TASK: Expand enemy variety and ensure proper balance across difficulty tiers.  Currently the game has ~50
2026-02-24T21:35:36.067000+00:00,0b51bb79-e36,Wire SFX into battle/UI events,src/battle/systems.rs,False,You are modifying the file `src/battle/systems.rs` in a Bevy 0.15 RPG game called Vale Village.  TASK: Wire PlaySfxEvent dispatches into the battle system so that audio plays during combat.  The game 
2026-02-24T21:35:36.067000+00:00,60368f05-bef,Wire SFX into battle/UI events,src/battle/systems.rs,False,You are modifying the file `src/battle/systems.rs` in a Bevy 0.15 RPG game called Vale Village.  TASK: Wire PlaySfxEvent dispatches into the battle system so that audio plays during combat.  The game 
2026-02-24T21:35:36.067000+00:00,a7ec5829-97e,Wire SFX into battle/UI events,src/battle/systems.rs,False,You are modifying the file `src/battle/systems.rs` in a Bevy 0.15 RPG game called Vale Village.  TASK: Wire PlaySfxEvent dispatches into the battle system so that audio plays during combat.  The game 
2026-02-24T21:35:36.067000+00:00,0319daa4-4b0,Wire SFX into battle/UI events,src/battle/systems.rs,False,You are modifying the file `src/battle/systems.rs` in a Bevy 0.15 RPG game called Vale Village.  TASK: Wire PlaySfxEvent dispatches into the battle system so that audio plays during combat.  The game 
2026-02-24T21:35:36.067000+00:00,5b1f4204-f18,Wire SFX into battle/UI events,src/battle/systems.rs,False,You are modifying the file `src/battle/systems.rs` in a Bevy 0.15 RPG game called Vale Village.  TASK: Wire PlaySfxEvent dispatches into the battle system so that audio plays during combat.  The game 
2026-02-24T21:35:36.067000+00:00,79566506-aa5,Wire SFX into battle/UI events,src/battle/systems.rs,False,You are modifying the file `src/battle/systems.rs` in a Bevy 0.15 RPG game called Vale Village.  TASK: Wire PlaySfxEvent dispatches into the battle system so that audio plays during combat.  The game 
2026-02-24T21:35:36.067000+00:00,89b6906a-0b5,Wire SFX into battle/UI events,src/battle/systems.rs,False,You are modifying the file `src/battle/systems.rs` in a Bevy 0.15 RPG game called Vale Village.  TASK: Wire PlaySfxEvent dispatches into the battle system so that audio plays during combat.  The game 
2026-02-24T21:35:36.067000+00:00,9335da76-3e3,Wire SFX into battle/UI events,src/battle/systems.rs,False,You are modifying the file `src/battle/systems.rs` in a Bevy 0.15 RPG game called Vale Village.  TASK: Wire PlaySfxEvent dispatches into the battle system so that audio plays during combat.  The game 
2026-02-24T21:35:36.067000+00:00,a0d026c8-14d,Wire SFX into battle/UI events,src/battle/systems.rs,False,You are modifying the file `src/battle/systems.rs` in a Bevy 0.15 RPG game called Vale Village.  TASK: Wire PlaySfxEvent dispatches into the battle system so that audio plays during combat.  The game 
2026-02-24T21:35:36.067000+00:00,dd821366-2d3,Wire SFX into battle/UI events,src/battle/systems.rs,False,You are modifying the file `src/battle/systems.rs` in a Bevy 0.15 RPG game called Vale Village.  TASK: Wire PlaySfxEvent dispatches into the battle system so that audio plays during combat.  The game 
2026-02-24T21:35:36.067000+00:00,7814081a-062,Wire SFX into battle/UI events,src/battle/systems.rs,False,You are modifying the file `src/battle/systems.rs` in a Bevy 0.15 RPG game called Vale Village.  TASK: Wire PlaySfxEvent dispatches into the battle system so that audio plays during combat.  The game 
2026-02-24T21:35:41.071000+00:00,0b51bb79-e36,Wire SFX into menu UI events,src/plugins/ui.rs,False,You are modifying the file `src/plugins/ui.rs` in a Bevy 0.15 RPG game called Vale Village.  TASK: Wire PlaySfxEvent dispatches into the UI menus so audio plays during menu navigation.  The game has a
2026-02-24T21:35:41.071000+00:00,60368f05-bef,Wire SFX into menu UI events,src/plugins/ui.rs,False,You are modifying the file `src/plugins/ui.rs` in a Bevy 0.15 RPG game called Vale Village.  TASK: Wire PlaySfxEvent dispatches into the UI menus so audio plays during menu navigation.  The game has a
2026-02-24T21:35:41.071000+00:00,a7ec5829-97e,Wire SFX into menu UI events,src/plugins/ui.rs,False,You are modifying the file `src/plugins/ui.rs` in a Bevy 0.15 RPG game called Vale Village.  TASK: Wire PlaySfxEvent dispatches into the UI menus so audio plays during menu navigation.  The game has a
2026-02-24T21:35:41.071000+00:00,0319daa4-4b0,Wire SFX into menu UI events,src/plugins/ui.rs,False,You are modifying the file `src/plugins/ui.rs` in a Bevy 0.15 RPG game called Vale Village.  TASK: Wire PlaySfxEvent dispatches into the UI menus so audio plays during menu navigation.  The game has a
2026-02-24T21:35:41.071000+00:00,5b1f4204-f18,Wire SFX into menu UI events,src/plugins/ui.rs,False,You are modifying the file `src/plugins/ui.rs` in a Bevy 0.15 RPG game called Vale Village.  TASK: Wire PlaySfxEvent dispatches into the UI menus so audio plays during menu navigation.  The game has a
2026-02-24T21:35:41.071000+00:00,79566506-aa5,Wire SFX into menu UI events,src/plugins/ui.rs,False,You are modifying the file `src/plugins/ui.rs` in a Bevy 0.15 RPG game called Vale Village.  TASK: Wire PlaySfxEvent dispatches into the UI menus so audio plays during menu navigation.  The game has a
2026-02-24T21:35:41.071000+00:00,89b6906a-0b5,Wire SFX into menu UI events,src/plugins/ui.rs,False,You are modifying the file `src/plugins/ui.rs` in a Bevy 0.15 RPG game called Vale Village.  TASK: Wire PlaySfxEvent dispatches into the UI menus so audio plays during menu navigation.  The game has a
2026-02-24T21:35:41.071000+00:00,9335da76-3e3,Wire SFX into menu UI events,src/plugins/ui.rs,False,You are modifying the file `src/plugins/ui.rs` in a Bevy 0.15 RPG game called Vale Village.  TASK: Wire PlaySfxEvent dispatches into the UI menus so audio plays during menu navigation.  The game has a
2026-02-24T21:35:41.071000+00:00,a0d026c8-14d,Wire SFX into menu UI events,src/plugins/ui.rs,False,You are modifying the file `src/plugins/ui.rs` in a Bevy 0.15 RPG game called Vale Village.  TASK: Wire PlaySfxEvent dispatches into the UI menus so audio plays during menu navigation.  The game has a
2026-02-24T21:35:41.071000+00:00,dd821366-2d3,Wire SFX into menu UI events,src/plugins/ui.rs,False,You are modifying the file `src/plugins/ui.rs` in a Bevy 0.15 RPG game called Vale Village.  TASK: Wire PlaySfxEvent dispatches into the UI menus so audio plays during menu navigation.  The game has a
2026-02-24T21:35:41.071000+00:00,7814081a-062,Wire SFX into menu UI events,src/plugins/ui.rs,False,You are modifying the file `src/plugins/ui.rs` in a Bevy 0.15 RPG game called Vale Village.  TASK: Wire PlaySfxEvent dispatches into the UI menus so audio plays during menu navigation.  The game has a
2026-02-24T21:35:50.201000+00:00,0b51bb79-e36,Add party management screen,src/plugins/inventory.rs,False,You are modifying the file `src/plugins/inventory.rs` in a Bevy 0.15 RPG game called Vale Village.  TASK: Enhance the party management / inventory screen with equipment display and djinn assignment UI
2026-02-24T21:35:50.201000+00:00,60368f05-bef,Add party management screen,src/plugins/inventory.rs,False,You are modifying the file `src/plugins/inventory.rs` in a Bevy 0.15 RPG game called Vale Village.  TASK: Enhance the party management / inventory screen with equipment display and djinn assignment UI
2026-02-24T21:35:50.201000+00:00,a7ec5829-97e,Add party management screen,src/plugins/inventory.rs,False,You are modifying the file `src/plugins/inventory.rs` in a Bevy 0.15 RPG game called Vale Village.  TASK: Enhance the party management / inventory screen with equipment display and djinn assignment UI
2026-02-24T21:35:50.201000+00:00,0319daa4-4b0,Add party management screen,src/plugins/inventory.rs,False,You are modifying the file `src/plugins/inventory.rs` in a Bevy 0.15 RPG game called Vale Village.  TASK: Enhance the party management / inventory screen with equipment display and djinn assignment UI
2026-02-24T21:35:50.201000+00:00,5b1f4204-f18,Add party management screen,src/plugins/inventory.rs,False,You are modifying the file `src/plugins/inventory.rs` in a Bevy 0.15 RPG game called Vale Village.  TASK: Enhance the party management / inventory screen with equipment display and djinn assignment UI
2026-02-24T21:35:50.201000+00:00,79566506-aa5,Add party management screen,src/plugins/inventory.rs,False,You are modifying the file `src/plugins/inventory.rs` in a Bevy 0.15 RPG game called Vale Village.  TASK: Enhance the party management / inventory screen with equipment display and djinn assignment UI
2026-02-24T21:35:50.201000+00:00,89b6906a-0b5,Add party management screen,src/plugins/inventory.rs,False,You are modifying the file `src/plugins/inventory.rs` in a Bevy 0.15 RPG game called Vale Village.  TASK: Enhance the party management / inventory screen with equipment display and djinn assignment UI
2026-02-24T21:35:50.201000+00:00,9335da76-3e3,Add party management screen,src/plugins/inventory.rs,False,You are modifying the file `src/plugins/inventory.rs` in a Bevy 0.15 RPG game called Vale Village.  TASK: Enhance the party management / inventory screen with equipment display and djinn assignment UI
2026-02-24T21:35:50.201000+00:00,a0d026c8-14d,Add party management screen,src/plugins/inventory.rs,False,You are modifying the file `src/plugins/inventory.rs` in a Bevy 0.15 RPG game called Vale Village.  TASK: Enhance the party management / inventory screen with equipment display and djinn assignment UI
2026-02-24T21:35:50.201000+00:00,dd821366-2d3,Add party management screen,src/plugins/inventory.rs,False,You are modifying the file `src/plugins/inventory.rs` in a Bevy 0.15 RPG game called Vale Village.  TASK: Enhance the party management / inventory screen with equipment display and djinn assignment UI
2026-02-24T21:35:50.201000+00:00,7814081a-062,Add party management screen,src/plugins/inventory.rs,False,You are modifying the file `src/plugins/inventory.rs` in a Bevy 0.15 RPG game called Vale Village.  TASK: Enhance the party management / inventory screen with equipment display and djinn assignment UI
2026-02-24T21:35:59.353000+00:00,0b51bb79-e36,Wire weather into battle damage,src/battle/damage.rs; core_plugin.rs,False,You are modifying the file `src/battle/damage.rs` in a Bevy 0.15 RPG game called Vale Village.  TASK: Add a weather bonus parameter to the damage calculation functions so weather affects battle damage
2026-02-24T21:35:59.353000+00:00,60368f05-bef,Wire weather into battle damage,src/battle/damage.rs; core_plugin.rs,False,You are modifying the file `src/battle/damage.rs` in a Bevy 0.15 RPG game called Vale Village.  TASK: Add a weather bonus parameter to the damage calculation functions so weather affects battle damage
2026-02-24T21:35:59.353000+00:00,a7ec5829-97e,Wire weather into battle damage,src/battle/damage.rs; core_plugin.rs,False,You are modifying the file `src/battle/damage.rs` in a Bevy 0.15 RPG game called Vale Village.  TASK: Add a weather bonus parameter to the damage calculation functions so weather affects battle damage
2026-02-24T21:35:59.353000+00:00,0319daa4-4b0,Wire weather into battle damage,src/battle/damage.rs; core_plugin.rs,False,You are modifying the file `src/battle/damage.rs` in a Bevy 0.15 RPG game called Vale Village.  TASK: Add a weather bonus parameter to the damage calculation functions so weather affects battle damage
2026-02-24T21:35:59.353000+00:00,5b1f4204-f18,Wire weather into battle damage,src/battle/damage.rs; core_plugin.rs,False,You are modifying the file `src/battle/damage.rs` in a Bevy 0.15 RPG game called Vale Village.  TASK: Add a weather bonus parameter to the damage calculation functions so weather affects battle damage
2026-02-24T21:35:59.353000+00:00,79566506-aa5,Wire weather into battle damage,src/battle/damage.rs; core_plugin.rs,False,You are modifying the file `src/battle/damage.rs` in a Bevy 0.15 RPG game called Vale Village.  TASK: Add a weather bonus parameter to the damage calculation functions so weather affects battle damage
2026-02-24T21:35:59.353000+00:00,89b6906a-0b5,Wire weather into battle damage,src/battle/damage.rs; core_plugin.rs,False,You are modifying the file `src/battle/damage.rs` in a Bevy 0.15 RPG game called Vale Village.  TASK: Add a weather bonus parameter to the damage calculation functions so weather affects battle damage
2026-02-24T21:35:59.353000+00:00,9335da76-3e3,Wire weather into battle damage,src/battle/damage.rs; core_plugin.rs,False,You are modifying the file `src/battle/damage.rs` in a Bevy 0.15 RPG game called Vale Village.  TASK: Add a weather bonus parameter to the damage calculation functions so weather affects battle damage
2026-02-24T21:35:59.353000+00:00,a0d026c8-14d,Wire weather into battle damage,src/battle/damage.rs; core_plugin.rs,False,You are modifying the file `src/battle/damage.rs` in a Bevy 0.15 RPG game called Vale Village.  TASK: Add a weather bonus parameter to the damage calculation functions so weather affects battle damage
2026-02-24T21:35:59.353000+00:00,dd821366-2d3,Wire weather into battle damage,src/battle/damage.rs; core_plugin.rs,False,You are modifying the file `src/battle/damage.rs` in a Bevy 0.15 RPG game called Vale Village.  TASK: Add a weather bonus parameter to the damage calculation functions so weather affects battle damage
2026-02-24T21:35:59.353000+00:00,7814081a-062,Wire weather into battle damage,src/battle/damage.rs; core_plugin.rs,False,You are modifying the file `src/battle/damage.rs` in a Bevy 0.15 RPG game called Vale Village.  TASK: Add a weather bonus parameter to the damage calculation functions so weather affects battle damage
2026-02-25T00:11:34.891000+00:00,60368f05-bef,Verify enemy count in codebase,src/data/enemies.rs,False,Count the number of distinct enemies defined in the Vale Village codebase. Look in src/data/enemies.rs for enemy definitions. Count how many unique enemy entries exist (look for patterns like EnemyTem
2026-02-25T00:11:34.891000+00:00,a7ec5829-97e,Verify enemy count in codebase,src/data/enemies.rs,False,Count the number of distinct enemies defined in the Vale Village codebase. Look in src/data/enemies.rs for enemy definitions. Count how many unique enemy entries exist (look for patterns like EnemyTem
2026-02-25T00:11:34.891000+00:00,0319daa4-4b0,Verify enemy count in codebase,src/data/enemies.rs,False,Count the number of distinct enemies defined in the Vale Village codebase. Look in src/data/enemies.rs for enemy definitions. Count how many unique enemy entries exist (look for patterns like EnemyTem
2026-02-25T00:11:34.891000+00:00,79566506-aa5,Verify enemy count in codebase,src/data/enemies.rs,False,Count the number of distinct enemies defined in the Vale Village codebase. Look in src/data/enemies.rs for enemy definitions. Count how many unique enemy entries exist (look for patterns like EnemyTem
2026-02-25T00:11:34.891000+00:00,9335da76-3e3,Verify enemy count in codebase,src/data/enemies.rs,False,Count the number of distinct enemies defined in the Vale Village codebase. Look in src/data/enemies.rs for enemy definitions. Count how many unique enemy entries exist (look for patterns like EnemyTem
2026-02-25T00:11:34.891000+00:00,a0d026c8-14d,Verify enemy count in codebase,src/data/enemies.rs,False,Count the number of distinct enemies defined in the Vale Village codebase. Look in src/data/enemies.rs for enemy definitions. Count how many unique enemy entries exist (look for patterns like EnemyTem
2026-02-25T00:11:34.891000+00:00,dd821366-2d3,Verify enemy count in codebase,src/data/enemies.rs,False,Count the number of distinct enemies defined in the Vale Village codebase. Look in src/data/enemies.rs for enemy definitions. Count how many unique enemy entries exist (look for patterns like EnemyTem
2026-02-25T00:11:36.621000+00:00,60368f05-bef,Count abilities and units,src/data/abilities.rs; src/data/units.rs; src/data/djinn.rs,False,"In the Vale Village codebase, count: 1. The number of distinct abilities defined in src/data/abilities.rs (look for ability definitions/registrations) 2. The number of distinct playable units defined "
2026-02-25T00:11:36.621000+00:00,a7ec5829-97e,Count abilities and units,src/data/abilities.rs; src/data/units.rs; src/data/djinn.rs,False,"In the Vale Village codebase, count: 1. The number of distinct abilities defined in src/data/abilities.rs (look for ability definitions/registrations) 2. The number of distinct playable units defined "
2026-02-25T00:11:36.621000+00:00,0319daa4-4b0,Count abilities and units,src/data/abilities.rs; src/data/units.rs; src/data/djinn.rs,False,"In the Vale Village codebase, count: 1. The number of distinct abilities defined in src/data/abilities.rs (look for ability definitions/registrations) 2. The number of distinct playable units defined "
2026-02-25T00:11:36.621000+00:00,79566506-aa5,Count abilities and units,src/data/abilities.rs; src/data/units.rs; src/data/djinn.rs,False,"In the Vale Village codebase, count: 1. The number of distinct abilities defined in src/data/abilities.rs (look for ability definitions/registrations) 2. The number of distinct playable units defined "
2026-02-25T00:11:36.621000+00:00,9335da76-3e3,Count abilities and units,src/data/abilities.rs; src/data/units.rs; src/data/djinn.rs,False,"In the Vale Village codebase, count: 1. The number of distinct abilities defined in src/data/abilities.rs (look for ability definitions/registrations) 2. The number of distinct playable units defined "
2026-02-25T00:11:36.621000+00:00,a0d026c8-14d,Count abilities and units,src/data/abilities.rs; src/data/units.rs; src/data/djinn.rs,False,"In the Vale Village codebase, count: 1. The number of distinct abilities defined in src/data/abilities.rs (look for ability definitions/registrations) 2. The number of distinct playable units defined "
2026-02-25T00:11:36.621000+00:00,dd821366-2d3,Count abilities and units,src/data/abilities.rs; src/data/units.rs; src/data/djinn.rs,False,"In the Vale Village codebase, count: 1. The number of distinct abilities defined in src/data/abilities.rs (look for ability definitions/registrations) 2. The number of distinct playable units defined "
2026-02-25T00:11:38.950000+00:00,60368f05-bef,Count unwraps in production code,src/battle/djinn.rs; src/battle/ai.rs,False,Count the number of .unwrap() calls in production code (NOT test code) in the Vale Village codebase. Specifically: 1. Total unwrap() calls in non-test production code 2. How many are in src/battle/dji
2026-02-25T00:11:38.950000+00:00,a7ec5829-97e,Count unwraps in production code,src/battle/djinn.rs; src/battle/ai.rs,False,Count the number of .unwrap() calls in production code (NOT test code) in the Vale Village codebase. Specifically: 1. Total unwrap() calls in non-test production code 2. How many are in src/battle/dji
2026-02-25T00:11:38.950000+00:00,0319daa4-4b0,Count unwraps in production code,src/battle/djinn.rs; src/battle/ai.rs,False,Count the number of .unwrap() calls in production code (NOT test code) in the Vale Village codebase. Specifically: 1. Total unwrap() calls in non-test production code 2. How many are in src/battle/dji
2026-02-25T00:11:38.950000+00:00,79566506-aa5,Count unwraps in production code,src/battle/djinn.rs; src/battle/ai.rs,False,Count the number of .unwrap() calls in production code (NOT test code) in the Vale Village codebase. Specifically: 1. Total unwrap() calls in non-test production code 2. How many are in src/battle/dji
2026-02-25T00:11:38.950000+00:00,9335da76-3e3,Count unwraps in production code,src/battle/djinn.rs; src/battle/ai.rs,False,Count the number of .unwrap() calls in production code (NOT test code) in the Vale Village codebase. Specifically: 1. Total unwrap() calls in non-test production code 2. How many are in src/battle/dji
2026-02-25T00:11:38.950000+00:00,a0d026c8-14d,Count unwraps in production code,src/battle/djinn.rs; src/battle/ai.rs,False,Count the number of .unwrap() calls in production code (NOT test code) in the Vale Village codebase. Specifically: 1. Total unwrap() calls in non-test production code 2. How many are in src/battle/dji
2026-02-25T00:11:38.950000+00:00,dd821366-2d3,Count unwraps in production code,src/battle/djinn.rs; src/battle/ai.rs,False,Count the number of .unwrap() calls in production code (NOT test code) in the Vale Village codebase. Specifically: 1. Total unwrap() calls in non-test production code 2. How many are in src/battle/dji
2026-02-25T18:46:54.390000+00:00,60368f05-bef,Analyze git wave structure,,False,"Analyze the git history of /home/user/vale-village-rust to extract the wave structure of the build. Run these commands:  1. Full git log with timestamps, reversed (oldest first): `git -C /home/user/va"
2026-02-25T18:46:54.390000+00:00,a7ec5829-97e,Analyze git wave structure,,False,"Analyze the git history of /home/user/vale-village-rust to extract the wave structure of the build. Run these commands:  1. Full git log with timestamps, reversed (oldest first): `git -C /home/user/va"
2026-02-25T18:46:54.390000+00:00,79566506-aa5,Analyze git wave structure,,False,"Analyze the git history of /home/user/vale-village-rust to extract the wave structure of the build. Run these commands:  1. Full git log with timestamps, reversed (oldest first): `git -C /home/user/va"
2026-02-25T18:47:01.964000+00:00,60368f05-bef,Analyze session JSONL files,,False,Analyze the Claude Code session JSONL files for the Vale Village Rust build. The files are at ~/.claude/projects/-home-user-vale-village-rust/  1. Count total lines across all JSONL files: `wc -l ~/.c
2026-02-25T18:47:01.964000+00:00,a7ec5829-97e,Analyze session JSONL files,,False,Analyze the Claude Code session JSONL files for the Vale Village Rust build. The files are at ~/.claude/projects/-home-user-vale-village-rust/  1. Count total lines across all JSONL files: `wc -l ~/.c
2026-02-25T18:47:01.964000+00:00,79566506-aa5,Analyze session JSONL files,,False,Analyze the Claude Code session JSONL files for the Vale Village Rust build. The files are at ~/.claude/projects/-home-user-vale-village-rust/  1. Count total lines across all JSONL files: `wc -l ~/.c
2026-02-25T18:49:00.973000+00:00,60368f05-bef,Extract human messages from sessions,,False,"From the Vale Village Rust Claude Code session logs, extract the actual human input messages. These are the ""3 sentences"" the paper claims were all the human provided.  The session files are at: ~/.cl"
2026-02-25T18:49:00.973000+00:00,a7ec5829-97e,Extract human messages from sessions,,False,"From the Vale Village Rust Claude Code session logs, extract the actual human input messages. These are the ""3 sentences"" the paper claims were all the human provided.  The session files are at: ~/.cl"
2026-02-25T18:49:00.973000+00:00,79566506-aa5,Extract human messages from sessions,,False,"From the Vale Village Rust Claude Code session logs, extract the actual human input messages. These are the ""3 sentences"" the paper claims were all the human provided.  The session files are at: ~/.cl"
2026-02-25T18:49:11.398000+00:00,60368f05-bef,Extract paper-reading and wave dispatch evidence,,False,"From the Vale Village Rust Claude Code session logs, extract evidence that the orchestrator (1) read the paper into context, and (2) cited the paper's findings while orchestrating.  Session files at: "
2026-02-25T18:49:11.398000+00:00,a7ec5829-97e,Extract paper-reading and wave dispatch evidence,,False,"From the Vale Village Rust Claude Code session logs, extract evidence that the orchestrator (1) read the paper into context, and (2) cited the paper's findings while orchestrating.  Session files at: "
2026-02-25T18:49:11.398000+00:00,79566506-aa5,Extract paper-reading and wave dispatch evidence,,False,"From the Vale Village Rust Claude Code session logs, extract evidence that the orchestrator (1) read the paper into context, and (2) cited the paper's findings while orchestrating.  Session files at: "
2026-02-25T19:18:04.375000+00:00,60368f05-bef,Extract collision and wave data,,False,I need to analyze the multi-agent orchestration session that built the vale-village-rust game. The main orchestration session log is at `/root/.claude/projects/-home-user-vale-village-rust/` — find th
2026-02-25T19:18:04.375000+00:00,a7ec5829-97e,Extract collision and wave data,,False,I need to analyze the multi-agent orchestration session that built the vale-village-rust game. The main orchestration session log is at `/root/.claude/projects/-home-user-vale-village-rust/` — find th
2026-02-25T19:20:13.850000+00:00,60368f05-bef,Git history wave analysis,,False,"I need to analyze the git history of /home/user/vale-village-rust to extract wave-by-wave data about multi-agent orchestration.  Run these commands:  1. Full git log with file change stats, showing wh"
2026-02-25T19:20:13.850000+00:00,a7ec5829-97e,Git history wave analysis,,False,"I need to analyze the git history of /home/user/vale-village-rust to extract wave-by-wave data about multi-agent orchestration.  Run these commands:  1. Full git log with file change stats, showing wh"
2026-02-25T19:24:47.589000+00:00,60368f05-bef,Extract gate ordering data,,False,"Search the orchestration session log file at /root/.claude/projects/-home-user-vale-village-rust/ for the largest .jsonl file. Then search that file for all instances of ""cargo check"", ""cargo clippy"","
2026-02-25T19:24:47.589000+00:00,a7ec5829-97e,Extract gate ordering data,,False,"Search the orchestration session log file at /root/.claude/projects/-home-user-vale-village-rust/ for the largest .jsonl file. Then search that file for all instances of ""cargo check"", ""cargo clippy"","
2026-02-25T19:38:18.916000+00:00,60368f05-bef,Map session waves to git waves,overworld.rs; battle_ui.rs; djinn.rs; core_plugin.rs,False,I need to create a mapping between two wave numbering systems for the vale-village-rust multi-agent orchestration session.  **System A: Git waves (13 named waves)** from commit messages: ``` 019f8163 
2026-02-25T19:38:18.916000+00:00,a7ec5829-97e,Map session waves to git waves,overworld.rs; battle_ui.rs; djinn.rs; core_plugin.rs,False,I need to create a mapping between two wave numbering systems for the vale-village-rust multi-agent orchestration session.  **System A: Git waves (13 named waves)** from commit messages: ``` 019f8163 
